id,name,email,gender
1,Ingaberg,iivanyushkin0@shinystat.com,Female
2,Gearard,gfransinelli1@studiopress.com,Bigender
3,Bellina,bsamarth2@histats.com,Female
4,Bond,bdurbin3@ft.com,Male
5,Elyse,emckenney4@nifty.com,Female
6,Kile,kfear5@usnews.com,Male
7,Mike,mshales6@simplemachines.org,Male
8,Sena,sbirchenhead7@hubpages.com,Female
9,Felicia,fbackson8@theguardian.com,Female
10,Gifford,gleftwich9@liveinternet.ru,Male
11,Horace,hengledowa@berkeley.edu,Male
12,Shamus,sseatonb@cloudflare.com,Bigender
13,Ivie,imacclayc@abc.net.au,Female
14,Rudd,rfennad@pcworld.com,Non-binary
15,Reuven,rsalisburye@instagram.com,Male
16,Zarah,zgodlemanf@howstuffworks.com,Female
17,Milty,mchidlowg@blog.com,Male
18,Vachel,vhovendenh@chron.com,Male
19,Wallace,wjollandi@jugem.jp,Genderfluid
20,Gilberte,gvysej@msu.edu,Female
21,Alejandro,ajansiek@parallels.com,Male
22,Tyson,tbellisonl@topsy.com,Male
23,Olly,ochildsm@jalbum.net,Male
24,Elsy,eblinden@mapquest.com,Female
25,Martie,mormistono@nasa.gov,Male
26,Marty,measterp@nbcnews.com,Female
27,Quintus,qbrayneq@columbia.edu,Male
28,Pat,pscortonr@mac.com,Female
29,Dani,dacremans@bbb.org,Male
30,Ryon,rchingedehalst@biglobe.ne.jp,Male
31,Haroun,hformu@alexa.com,Agender
32,Flory,futtermarev@bizjournals.com,Female
33,Alanah,ahauckw@examiner.com,Polygender
34,Chanda,ccripwellx@cnn.com,Female
35,Wait,weastburyy@cornell.edu,Male
36,Karole,kholburnz@networkadvertising.org,Female
37,Gorden,ghindenburg10@phoca.cz,Male
38,Petey,phugin11@cdbaby.com,Male
39,Kathrine,krobardey12@purevolume.com,Female
40,Farly,fbaggs13@webmd.com,Male
41,Jenda,jcreaney14@virginia.edu,Genderqueer
42,Sheryl,ssugarman15@ameblo.jp,Female
43,Bud,bdymidowski16@jugem.jp,Male
44,Lin,lbarthropp17@photobucket.com,Male
45,Marita,mbrisard18@is.gd,Female
46,Hatti,hhansman19@intel.com,Female
47,Cecilius,chabberjam1a@arstechnica.com,Bigender
48,Shea,spuleston1b@dedecms.com,Male
49,Pattie,pcumbridge1c@examiner.com,Female
50,Phil,pstoeck1d@google.nl,Female
51,Ransom,rnerval1e@xinhuanet.com,Male
52,Justin,jkeston1f@marriott.com,Male
53,Adria,aadiscot1g@blogger.com,Female
54,Jocelyne,jhebblethwaite1h@multiply.com,Female
55,Abbey,aashfield1i@phoca.cz,Female
56,Obediah,obelleny1j@home.pl,Male
57,Olympe,overna1k@army.mil,Female
58,Brandi,bbranche1l@google.com.au,Genderfluid
59,Sherwynd,smedler1m@qq.com,Male
60,Gardie,gscawn1n@chronoengine.com,Male
61,Llywellyn,ltallyn1o@nsw.gov.au,Male
62,Raimund,rcumesky1p@ucsd.edu,Male
63,Salomo,scowap1q@cbslocal.com,Male
64,Barry,bbeckwith1r@51.la,Male
65,Edin,ecolbran1s@jugem.jp,Female
66,Neils,nkeast1t@usda.gov,Male
67,Jana,jlintott1u@soup.io,Genderfluid
68,Evyn,epluvier1v@blogspot.com,Agender
69,Michal,mholdren1w@pagesperso-orange.fr,Male
70,Edmund,eshalcras1x@abc.net.au,Male
71,Nolie,ngarvey1y@bigcartel.com,Female
72,Bamby,bpachmann1z@squarespace.com,Agender
73,Westley,wsampson20@ucoz.com,Genderfluid
74,Marlow,mvolette21@blogs.com,Male
75,Hamel,hgrishaev22@ftc.gov,Male
76,Novelia,nhilldrup23@constantcontact.com,Female
77,Fons,fcleghorn24@amazonaws.com,Polygender
78,La verne,lrogers25@cnbc.com,Female
79,Aylmer,abrewins26@nsw.gov.au,Male
80,Alexina,awasielewicz27@plala.or.jp,Non-binary
81,Lothario,lbuckenhill28@cnet.com,Male
82,Joshua,jhickinbottom29@whitehouse.gov,Male
83,Carmelia,cvenmore2a@cpanel.net,Polygender
84,Gayelord,gware2b@discovery.com,Male
85,Dee dee,dswayte2c@miibeian.gov.cn,Female
86,Teodora,tmcaster2d@biglobe.ne.jp,Female
87,Deerdre,dkamiyama2e@dropbox.com,Female
88,Zsa zsa,zberthe2f@eepurl.com,Female
89,Leland,lprewer2g@bravesites.com,Female
90,Orv,olouch2h@psu.edu,Male
91,Steven,sdwine2i@sphinn.com,Male
92,Sherwynd,strembath2j@tamu.edu,Male
93,Dewey,dlampel2k@goo.ne.jp,Male
94,Lyon,llebatteur2l@multiply.com,Male
95,Opal,ofevers2m@psu.edu,Female
96,Enrika,eturgoose2n@vk.com,Female
97,Glen,gsisey2o@storify.com,Male
98,Marion,mphilott2p@goo.gl,Male
99,Ottilie,ohardern2q@myspace.com,Non-binary
100,Julianne,jcoatsworth2r@apache.org,Female
101,Lucky,lhoyer2s@wunderground.com,Female
102,Edsel,ebumpus2t@bizjournals.com,Male
103,Cordelia,cmortimer2u@loc.gov,Female
104,Georgie,gstennard2v@webs.com,Female
105,Dede,dmillhill2w@census.gov,Non-binary
106,Aeriel,afritz2x@mapy.cz,Female
107,Scottie,sshowt2y@usnews.com,Bigender
108,Delilah,ditzakson2z@google.nl,Female
109,Major,mmycock30@cisco.com,Male
110,Shem,swoodfin31@amazon.co.jp,Male
111,Dmitri,dilyenko32@abc.net.au,Male
112,Leona,lworkes33@paginegialle.it,Female
113,Basia,bpeaddie34@cornell.edu,Female
114,Bekki,bcanto35@vimeo.com,Female
115,Alexine,abotton36@storify.com,Female
116,Dickie,dgaffer37@sakura.ne.jp,Male
117,Chryste,ckeig38@ehow.com,Female
118,Terrill,tpenddreth39@time.com,Male
119,Pavia,psurgener3a@hhs.gov,Genderqueer
120,Tobe,tarnley3b@so-net.ne.jp,Female
121,Giulio,gstubs3c@nps.gov,Male
122,Myrwyn,mquince3d@webs.com,Male
123,Eric,ecaney3e@mediafire.com,Male
124,Filberto,fmccaughan3f@chronoengine.com,Male
125,Roselin,rpead3g@biglobe.ne.jp,Female
126,Waneta,wfintoph3h@arizona.edu,Genderqueer
127,Storm,smcelane3i@disqus.com,Female
128,Kaye,kwinders3j@ezinearticles.com,Female
129,Davie,dalliband3k@nydailynews.com,Male
130,Gray,gdabernott3l@google.es,Female
131,Tabbie,tgrigor3m@reddit.com,Male
132,Cornela,cgyde3n@cornell.edu,Female
133,Lemar,lorred3o@archive.org,Male
134,Evelyn,emorcombe3p@squarespace.com,Female
135,Karoline,krounsefell3q@shutterfly.com,Female
136,Con,cbowdidge3r@tripod.com,Male
137,Tedda,tbircher3s@microsoft.com,Female
138,Berrie,bodeson3t@fda.gov,Female
139,Kenn,knenci3u@phpbb.com,Genderfluid
140,Whit,wpressnell3v@cyberchimps.com,Male
141,Vassili,vagge3w@stumbleupon.com,Male
142,Licha,lrayner3x@e-recht24.de,Female
143,Vachel,vofallon3y@guardian.co.uk,Male
144,Rhoda,rwhitwell3z@google.com.br,Female
145,Natty,nfrewer40@ca.gov,Female
146,Coral,cdressel41@washingtonpost.com,Non-binary
147,Starlene,sdanell42@gravatar.com,Female
148,Elsbeth,ecicerone43@wordpress.org,Female
149,Bliss,bgossan44@wisc.edu,Female
150,Pancho,phaw45@gravatar.com,Male
151,Nathan,nkosiada46@icq.com,Male
152,Tris,tcockshutt47@123-reg.co.uk,Male
153,Joletta,jcrookshank48@ucla.edu,Female
154,Andi,apingston49@yahoo.com,Female
155,Pollyanna,pkershow4a@ehow.com,Female
156,Isador,iianetti4b@oakley.com,Male
157,Mabelle,mplowes4c@oakley.com,Female
158,Emanuele,efury4d@indiegogo.com,Male
159,Tammy,talderwick4e@friendfeed.com,Female
160,Herschel,hjest4f@fc2.com,Male
161,Adoree,ahuntingdon4g@icq.com,Female
162,Sully,sstefi4h@e-recht24.de,Male
163,Cointon,cjarrell4i@sbwire.com,Genderfluid
164,Beatrisa,bstarkings4j@ezinearticles.com,Female
165,Cad,chansell4k@networkadvertising.org,Male
166,Willie,wbalint4l@utexas.edu,Male
167,Osmond,oorrocks4m@themeforest.net,Male
168,Gran,gstourton4n@quantcast.com,Male
169,Winifred,wtottie4o@prweb.com,Female
170,Maureene,mjosskovitz4p@nsw.gov.au,Agender
171,Melloney,mohalligan4q@angelfire.com,Female
172,Arabelle,agadd4r@hud.gov,Female
173,Myrtie,msummers4s@edublogs.org,Female
174,Eamon,egonzales4t@auda.org.au,Male
175,Hank,hgarnar4u@google.it,Male
176,Jacquenetta,jdenis4v@blogger.com,Female
177,Roseann,rmerrydew4w@so-net.ne.jp,Female
178,Vin,vweightman4x@list-manage.com,Female
179,Berky,bbrusle4y@ibm.com,Male
180,Gamaliel,gsnap4z@yellowbook.com,Polygender
181,Jennica,jomara50@hp.com,Female
182,Kelcy,kchillingsworth51@technorati.com,Non-binary
183,Kelcey,kmarmyon52@who.int,Female
184,Domini,ddelahunty53@shinystat.com,Female
185,Neville,ntrees54@usa.gov,Male
186,Harlin,hmckmurrie55@gov.uk,Male
187,Ardith,alunck56@unicef.org,Female
188,Den,dashburne57@dmoz.org,Male
189,Adlai,aduddell58@nymag.com,Male
190,Auberon,adealmeida59@ocn.ne.jp,Male
191,Gannon,gwoollett5a@meetup.com,Male
192,Merry,mtitmuss5b@nba.com,Female
193,Barde,blintott5c@sina.com.cn,Male
194,Viole,vvelez5d@techcrunch.com,Female
195,Daisie,dmcglone5e@irs.gov,Female
196,Gertrude,gmityashev5f@psu.edu,Bigender
197,Anastasie,acowthart5g@theguardian.com,Female
198,Dav,djedrysik5h@epa.gov,Male
199,Cele,chamilton5i@oracle.com,Female
200,Towny,tespinheira5j@dot.gov,Male
201,Jourdain,jtinklin5k@paginegialle.it,Male
202,Car,chuddart5l@trellian.com,Male
203,Leyla,lkomorowski5m@earthlink.net,Female
204,Glyn,gclewlow5n@mail.ru,Male
205,Daffy,dgleasane5o@wordpress.com,Female
206,Emmott,ecush5p@printfriendly.com,Male
207,Lance,llayman5q@jigsy.com,Male
208,Brunhilde,brising5r@whitehouse.gov,Non-binary
209,Frans,fmcblain5s@shinystat.com,Male
210,Connie,ckelso5t@mashable.com,Male
211,Orville,omacgorrie5u@marketwatch.com,Male
212,Vasili,vbigley5v@mediafire.com,Male
213,Sapphire,smullin5w@tinypic.com,Female
214,Isidora,ikerwen5x@abc.net.au,Female
215,Priscella,pbiaggetti5y@google.com.br,Female
216,Kessia,kcarah5z@theatlantic.com,Female
217,Malvin,mwickstead60@telegraph.co.uk,Male
218,Antonetta,acambell61@ebay.co.uk,Female
219,Chance,csrutton62@pinterest.com,Male
220,Alexio,agrigolli63@liveinternet.ru,Agender
221,Robby,rmattusov64@photobucket.com,Male
222,Afton,agoeff65@usda.gov,Female
223,Gregorius,gjorin66@time.com,Male
224,Alf,aplant67@about.com,Male
225,Georgy,gdoone68@hostgator.com,Male
226,Nessa,nheinle69@google.de,Female
227,Emanuel,epyne6a@dion.ne.jp,Male
228,Trisha,ttomlett6b@wordpress.com,Bigender
229,Oswell,ojellyman6c@howstuffworks.com,Male
230,Giffie,glawlor6d@jugem.jp,Male
231,Iorgos,iblakemore6e@vistaprint.com,Male
232,Silvio,smacaree6f@pen.io,Male
233,Elene,egally6g@scribd.com,Female
234,Jenifer,jnutty6h@over-blog.com,Female
235,Kaiser,klevett6i@mail.ru,Male
236,Vania,vspiaggia6j@springer.com,Female
237,Herc,hgodfrey6k@com.com,Male
238,Lissa,lgheorghie6l@webnode.com,Female
239,Nikolai,ndomaschke6m@bigcartel.com,Male
240,Tallulah,tdarnborough6n@cisco.com,Female
241,Benetta,blefriec6o@webnode.com,Female
242,Clim,clucas6p@webmd.com,Male
243,Burk,bworthy6q@techcrunch.com,Male
244,Jeane,jarnaud6r@xing.com,Female
245,Dillon,dgluyus6s@blog.com,Male
246,Jenn,jbavister6t@dell.com,Female
247,Udell,ududdy6u@imdb.com,Male
248,Frederico,fmartelet6v@pinterest.com,Male
249,Melisent,mdurrad6w@rambler.ru,Female
250,Evvie,elambird6x@topsy.com,Female
251,Oswell,orobroe6y@amazonaws.com,Male
252,Libbey,losirin6z@shop-pro.jp,Female
253,Grove,gtottle70@freewebs.com,Male
254,Enrique,eboules71@twitter.com,Male
255,Jazmin,jdinnington72@unblog.fr,Female
256,Truda,tprujean73@time.com,Female
257,Giavani,gnye74@fc2.com,Male
258,Ebeneser,erollings75@slate.com,Male
259,Blaire,bmully76@arizona.edu,Female
260,Dallas,dsavill77@friendfeed.com,Genderqueer
261,Deane,dnewcomb78@bbc.co.uk,Bigender
262,Kelvin,kseifenmacher79@nasa.gov,Male
263,Weidar,wroberti7a@artisteer.com,Male
264,Grete,gpollitt7b@printfriendly.com,Genderfluid
265,Celestia,cmcphilemy7c@typepad.com,Genderfluid
266,Jone,jkienl7d@themeforest.net,Male
267,Orin,omoorey7e@topsy.com,Male
268,Guinna,gfidgett7f@yelp.com,Female
269,Glen,gbernasek7g@usda.gov,Male
270,Tuck,tostrich7h@zdnet.com,Male
271,Kiersten,kwoodall7i@wisc.edu,Female
272,Gabby,gbusfield7j@illinois.edu,Male
273,Jackson,jderobertis7k@multiply.com,Male
274,Horton,hjeannon7l@hexun.com,Male
275,Garner,gwindridge7m@skype.com,Male
276,Laural,lwillis7n@eventbrite.com,Polygender
277,Nickie,naseef7o@umn.edu,Female
278,Anetta,abiddlestone7p@etsy.com,Female
279,Shay,sbaradel7q@yandex.ru,Female
280,Loella,ldrayn7r@meetup.com,Female
281,Rayshell,rhindrich7s@walmart.com,Female
282,Stevena,stroman7t@theglobeandmail.com,Female
283,Salmon,sstreater7u@liveinternet.ru,Male
284,Freeman,fhudd7v@youku.com,Male
285,Valeda,vwooffitt7w@businessweek.com,Female
286,Gonzalo,gchessil7x@yellowbook.com,Male
287,Anita,amcgillivray7y@pen.io,Female
288,Nicolis,nturbitt7z@sogou.com,Male
289,Rosco,rblaasch80@youtube.com,Male
290,Paige,pcockling81@fastcompany.com,Female
291,Hailee,hcaret82@edublogs.org,Female
292,Adela,arohlfs83@goodreads.com,Female
293,Pablo,pfison84@ow.ly,Male
294,Fred,fbonafacino85@ezinearticles.com,Female
295,Fanni,flipman86@ow.ly,Female
296,Lauren,lweller87@about.com,Male
297,Hillard,haverall88@pagesperso-orange.fr,Male
298,Fleur,fcesaric89@trellian.com,Female
299,Kennie,kdechelle8a@cnbc.com,Male
300,Tony,tletterick8b@youtu.be,Polygender
301,Raimund,rgilfoy8c@pen.io,Male
302,Oralia,okaubisch8d@hp.com,Female
303,Benito,benderson8e@zimbio.com,Male
304,Gilbertina,gmurton8f@intel.com,Female
305,Kalli,kmateescu8g@engadget.com,Non-binary
306,Barry,bbisiker8h@umn.edu,Female
307,Enrica,eferrai8i@weather.com,Female
308,Ives,ileijs8j@hc360.com,Male
309,Reggy,rpetworth8k@smh.com.au,Male
310,Felicio,fmorcomb8l@furl.net,Male
311,Todd,tburghill8m@thetimes.co.uk,Male
312,Batsheva,btanton8n@mail.ru,Female
313,Christye,cmcbrier8o@archive.org,Female
314,Rem,rcarsberg8p@usatoday.com,Male
315,Lyndell,lmalan8q@archive.org,Female
316,Sher,sdiggar8r@hao123.com,Agender
317,Claudell,cdunbabin8s@google.co.jp,Male
318,Katharina,kharbison8t@usgs.gov,Female
319,Andrej,abodsworth8u@wordpress.com,Male
320,Lewes,lstonhard8v@gravatar.com,Male
321,Wrennie,whuot8w@dagondesign.com,Female
322,Halley,hwinyard8x@prnewswire.com,Female
323,Legra,lunworth8y@zdnet.com,Female
324,Milka,mporter8z@nydailynews.com,Female
325,Haily,hbiddulph90@epa.gov,Male
326,Augustina,asalvador91@apple.com,Female
327,Giorgio,gelsop92@ezinearticles.com,Male
328,Tobie,tforsdicke93@google.ru,Male
329,Jonie,jnewbury94@ihg.com,Female
330,Benedikt,bmoppett95@businesswire.com,Male
331,Lorenza,lcalltone96@wiley.com,Female
332,Rozelle,rboxe97@phoca.cz,Female
333,Broddie,bforstall98@tmall.com,Male
334,Bryn,bollcott99@shinystat.com,Male
335,Brook,bsex9a@webmd.com,Female
336,Alis,agymlett9b@nbcnews.com,Female
337,Francisca,fcornels9c@51.la,Agender
338,Berty,bclem9d@time.com,Male
339,Avigdor,aoleszcuk9e@google.es,Polygender
340,Cassandra,cvero9f@nature.com,Female
341,Marlow,mredshaw9g@phoca.cz,Male
342,Opaline,ojanuary9h@wiley.com,Female
343,Jermaine,jstuddal9i@hubpages.com,Male
344,Judith,jianson9j@clickbank.net,Female
345,Bradley,bschlagh9k@prnewswire.com,Male
346,Zachery,zmallett9l@fastcompany.com,Male
347,Victor,vbellham9m@va.gov,Male
348,Anny,adewey9n@de.vu,Female
349,Cordi,cwyard9o@springer.com,Female
350,Mirelle,mfearby9p@phpbb.com,Bigender
351,Dud,dhatfull9q@blog.com,Male
352,Huntington,hkaubisch9r@webmd.com,Male
353,Curry,criepel9s@networksolutions.com,Male
354,Nils,nburnell9t@tmall.com,Male
355,Jim,jkleinhandler9u@printfriendly.com,Male
356,Baily,bcolling9v@ted.com,Male
357,Wilona,wjanak9w@illinois.edu,Female
358,Dell,dgoldbourn9x@stumbleupon.com,Female
359,Markos,mbridywater9y@hugedomains.com,Male
360,Regen,rdrable9z@wikipedia.org,Male
361,Bale,bbeacona0@facebook.com,Male
362,Gillian,gparlora1@stumbleupon.com,Female
363,Nestor,nmuckiana2@prnewswire.com,Male
364,Engelbert,esaffilla3@admin.ch,Male
365,Ive,iclinta4@netlog.com,Male
366,Ranice,rwolfersa5@sakura.ne.jp,Female
367,Frankie,fbouldera6@typepad.com,Female
368,Dmitri,ddrewerya7@hibu.com,Polygender
369,Tris,tknucklesa8@rambler.ru,Male
370,Fayina,fvincka9@gravatar.com,Female
371,Ezra,eryallaa@gizmodo.com,Male
372,Anthea,ajacobszab@yale.edu,Non-binary
373,Cristabel,csantoreac@so-net.ne.jp,Female
374,Irwinn,igarbuttad@ow.ly,Male
375,Michel,mtealeae@noaa.gov,Female
376,Horace,hyurygynaf@cmu.edu,Agender
377,Chevalier,ccluattag@europa.eu,Male
378,Abel,ageraudah@foxnews.com,Male
379,Marven,mpicklesai@elegantthemes.com,Male
380,Bendick,bpiddletownaj@4shared.com,Agender
381,Byrann,blavigneak@rakuten.co.jp,Male
382,Pascale,placrouxal@google.com.hk,Male
383,Chester,ccorderam@ocn.ne.jp,Agender
384,Adriano,akohrtan@cbsnews.com,Male
385,Katrine,kallawyao@scientificamerican.com,Female
386,Brenn,bhuitsonap@flickr.com,Female
387,Helli,hkynseyaq@hud.gov,Genderqueer
388,Lu,lcucksonar@statcounter.com,Female
389,Whitman,wklishinas@w3.org,Male
390,Nanice,nskeggsat@engadget.com,Female
391,Rudd,rdavydychevau@yelp.com,Male
392,Jada,jsheavillsav@sfgate.com,Female
393,Maye,mgadaudaw@blogger.com,Female
394,Brandtr,bhelstromax@sfgate.com,Male
395,Sonia,spickersgillay@canalblog.com,Female
396,Truman,tleckeyaz@ehow.com,Male
397,Agata,agoodaleb0@globo.com,Female
398,Gualterio,gjelksb1@oakley.com,Male
399,Virgil,vrollasonb2@youtube.com,Male
400,Howard,heddisb3@last.fm,Male
401,Gregor,gknappittb4@va.gov,Male
402,Joey,jcasajuanab5@1und1.de,Non-binary
403,Rodrick,rroseboroughb6@weibo.com,Male
404,Alvy,asurridgeb7@yahoo.com,Male
405,Rosamond,rbarrettb8@liveinternet.ru,Female
406,Loise,lcribbinb9@youku.com,Female
407,Cinnamon,cfiskeba@altervista.org,Female
408,Georas,gelwelbb@netlog.com,Male
409,Napoleon,nthurbornbc@123-reg.co.uk,Male
410,Mendy,mocarranbd@mozilla.org,Polygender
411,Kylen,kcaseleybe@ovh.net,Female
412,Christan,cjagoebf@mediafire.com,Female
413,Jerrie,jvestybg@marketwatch.com,Genderfluid
414,Stern,shalsonbh@bing.com,Male
415,Syman,spinckedbi@surveymonkey.com,Male
416,Annalise,amichellbj@youtu.be,Female
417,Trenton,tcathraebk@fc2.com,Male
418,Timmy,tsmithambl@opensource.org,Female
419,Lotte,lvanezisbm@yellowpages.com,Female
420,Yalonda,ycallendarbn@tmall.com,Female
421,Carroll,csabeybo@bizjournals.com,Male
422,Cherie,cmoutrayreadbp@theguardian.com,Female
423,Jocelyne,jmyrtlebq@joomla.org,Female
424,Nanci,nettlesbr@mozilla.org,Female
425,Marv,mwykesbs@patch.com,Male
426,Faina,fwarnesbt@hexun.com,Female
427,Josepha,jbroughtonbu@google.es,Female
428,Goraud,gcubbinibv@spotify.com,Male
429,Edith,erappaportbw@senate.gov,Female
430,Cathryn,cvedyasovbx@sbwire.com,Female
431,Jackelyn,jyetmanby@myspace.com,Female
432,Janette,jcookebz@yahoo.co.jp,Female
433,Granthem,gcolinc0@is.gd,Male
434,Normie,nguitec1@deliciousdays.com,Male
435,Roxine,rpoylec2@hostgator.com,Female
436,Marcie,msizeyc3@addthis.com,Female
437,Gale,gambrodic4@tuttocitta.it,Male
438,Zorina,zdilletc5@yahoo.co.jp,Female
439,Ninon,ncatterallc6@mlb.com,Female
440,Reggie,rbuzinc7@independent.co.uk,Male
441,Dexter,dbortoluzzic8@tamu.edu,Male
442,Ade,adelloc9@who.int,Male
443,Jasmina,jkinchca@tripadvisor.com,Female
444,Bartolemo,btrousdalecb@paginegialle.it,Male
445,Inigo,imagnercc@theglobeandmail.com,Male
446,Nicola,ngierckecd@umich.edu,Male
447,Bevan,bmaywoodce@google.com.au,Male
448,Amalle,agarattycf@shop-pro.jp,Female
449,Adriana,atommasicg@comsenz.com,Female
450,Agatha,athundermanch@home.pl,Female
451,Vinnie,vdobesonci@eventbrite.com,Female
452,Courtenay,carmescj@ibm.com,Bigender
453,Francesco,fhuggonsck@abc.net.au,Male
454,Chrisy,cpartlettcl@livejournal.com,Genderqueer
455,Karlens,kkydcm@webnode.com,Male
456,Loutitia,lhowattcn@free.fr,Female
457,Cortie,clanphierco@howstuffworks.com,Male
458,Robbie,rbabonaucp@ibm.com,Female
459,Pate,pdyetcq@quantcast.com,Male
460,Hillel,hlovartcr@sakura.ne.jp,Male
461,Stanly,sbaumancs@epa.gov,Male
462,Tann,tridgedellct@microsoft.com,Male
463,Melisse,mfowlercu@dyndns.org,Female
464,Domingo,dbispocv@rambler.ru,Male
465,Wayland,wgagercw@theguardian.com,Male
466,Lukas,lgrealycx@simplemachines.org,Male
467,Arturo,agierathscy@ucoz.com,Male
468,Jephthah,jfenningcz@twitpic.com,Male
469,Giacopo,gmulrand0@parallels.com,Male
470,Hadrian,hlagend1@naver.com,Male
471,Durand,dwatlingd2@salon.com,Bigender
472,Wilbur,whugonetd3@mediafire.com,Male
473,Leshia,lmazzeid4@i2i.jp,Female
474,Garv,ggoulbournd5@apple.com,Male
475,Shel,sdrinand6@geocities.com,Female
476,Tomlin,thannafordd7@unicef.org,Male
477,Gavin,gcongraved8@forbes.com,Male
478,Jillayne,jmcilherrand9@photobucket.com,Female
479,Tedra,twyldishda@census.gov,Female
480,Sophia,sgaledb@google.nl,Female
481,Marven,mcontidc@netscape.com,Male
482,Arv,awesselldd@digg.com,Male
483,Amanda,adockrillde@bloglovin.com,Female
484,Burlie,bjacquetdf@hp.com,Male
485,Enrica,ealbinsondg@opera.com,Female
486,Beck,bcanterodh@1688.com,Male
487,Krishna,kdennittsdi@google.com,Male
488,Giacobo,gstaniforthdj@youku.com,Male
489,Oralie,ostickneydk@harvard.edu,Female
490,Luisa,laltendl@howstuffworks.com,Female
491,Reidar,rsterrickdm@csmonitor.com,Male
492,Karel,kkarusdn@paypal.com,Male
493,Staffard,swimpeneydo@admin.ch,Male
494,Horatia,hhardendp@dmoz.org,Female
495,Uriel,umartelldq@google.ca,Male
496,Clemmy,coldfieldcherrydr@4shared.com,Male
497,Cristine,cfarrynds@gov.uk,Female
498,Colin,cclaragedt@hatena.ne.jp,Male
499,Cirilo,cmccambridgedu@i2i.jp,Male
500,Elly,eboxedv@yahoo.co.jp,Female
501,Free,fculligandw@stumbleupon.com,Male
502,Laina,lkielydx@rakuten.co.jp,Female
503,Foster,fdampierdy@mail.ru,Male
504,Donna,dbrettondz@mlb.com,Female
505,Melanie,mgarnhame0@globo.com,Female
506,Louis,lsholle1@slideshare.net,Male
507,Aguste,acherne2@phoca.cz,Bigender
508,Howey,hbaracloughe3@virginia.edu,Male
509,Tootsie,tmcgoldricke4@sakura.ne.jp,Female
510,Calli,cgommerye5@trellian.com,Female
511,Berkley,bmarchante6@acquirethisname.com,Male
512,Miguela,mwalshawe7@imageshack.us,Genderqueer
513,Seymour,sandrichuke8@google.pl,Male
514,Mark,mbloome9@mayoclinic.com,Male
515,Nestor,noenea@slate.com,Male
516,Delphinia,dfenloneb@twitpic.com,Female
517,Susanna,smacmychemec@columbia.edu,Female
518,Clo,cchessiled@example.com,Genderqueer
519,Doro,ddurrandee@ibm.com,Female
520,Rodger,rgoomesef@engadget.com,Male
521,Sheffield,sahreneg@pen.io,Bigender
522,Barton,bdizlieeh@multiply.com,Male
523,Beaufort,bpashenkovei@hibu.com,Male
524,Jeanne,jogreadyej@earthlink.net,Female
525,Lazarus,lbeadlesek@gov.uk,Male
526,Normie,ndufaireel@google.com.hk,Male
527,Bellanca,bqueyosem@blinklist.com,Female
528,Wilmette,wleechmanen@columbia.edu,Female
529,Judith,jcostockeo@smh.com.au,Female
530,Rodney,rascheep@examiner.com,Agender
531,Cherish,ccuerdaleeq@aboutads.info,Female
532,Witty,wspowarter@github.com,Male
533,Pascale,pkolczynskies@statcounter.com,Male
534,Wittie,wcolatonet@walmart.com,Male
535,Rhoda,rdasenteu@usda.gov,Female
536,Amelita,aerangeyev@cdc.gov,Female
537,Buck,bmannaghew@xing.com,Male
538,Ricki,rkuhnkeex@wix.com,Male
539,Jaquenette,jvasyuchovey@goo.ne.jp,Female
540,Hillel,hboostez@dagondesign.com,Male
541,Haven,hmeneurf0@wired.com,Male
542,Den,dleacyf1@google.es,Male
543,Brigid,bbrightief2@shinystat.com,Female
544,Alf,akrzysztofiakf3@eventbrite.com,Male
545,Shalna,skileyf4@bbc.co.uk,Female
546,Lars,lduligalf5@hubpages.com,Male
547,Marv,mboxellf6@4shared.com,Male
548,Franz,fpaskef7@chicagotribune.com,Male
549,Malanie,mguppief8@vk.com,Female
550,Raymund,rfoloninf9@mlb.com,Male
551,Glendon,gswadlingfa@tripod.com,Male
552,Tudor,tbarttrumfb@elegantthemes.com,Bigender
553,Dyan,dgeraudyfc@elegantthemes.com,Female
554,Arvin,acornillifd@state.gov,Male
555,Cly,cderbyfe@webmd.com,Male
556,Fitzgerald,fvossingff@1688.com,Agender
557,Flemming,ffroschauerfg@illinois.edu,Agender
558,Itch,ibraidmanfh@issuu.com,Male
559,Elsie,eledesfi@time.com,Polygender
560,Thoma,tdakinfj@mapy.cz,Male
561,Lombard,lcortnayfk@wired.com,Male
562,Britt,bmateevfl@wisc.edu,Male
563,Loydie,lpalombafm@mysql.com,Male
564,Jasen,jgeekinfn@360.cn,Male
565,Elsa,ebrucefo@ebay.com,Female
566,Camella,cfairfoulfp@nbcnews.com,Female
567,Rick,ruglowfq@about.com,Male
568,Melli,mballintimefr@sakura.ne.jp,Female
569,George,gouslemfs@g.co,Female
570,Carroll,cgalloft@usa.gov,Agender
571,Kial,knesbitfu@nba.com,Female
572,Cristen,cfrightfv@joomla.org,Female
573,Corbin,cashboltfw@wordpress.com,Male
574,Ernaline,egerifx@yelp.com,Female
575,Pierce,pmamwellfy@constantcontact.com,Male
576,Stormi,spulequefz@xing.com,Female
577,Patin,pburrettg0@infoseek.co.jp,Male
578,Ody,osmallpeaceg1@adobe.com,Male
579,Shaun,sarnoudg2@who.int,Male
580,Roz,rmchaleg3@amazon.de,Female
581,Rudy,rdundredgeg4@bloglovin.com,Non-binary
582,Templeton,tsauterg5@booking.com,Male
583,Al,awhertong6@umich.edu,Male
584,Khalil,kwarltong7@jimdo.com,Male
585,Cathleen,cstairmondg8@chron.com,Female
586,Joelly,jkolushevg9@g.co,Female
587,Stephine,screserga@printfriendly.com,Female
588,Elsey,ebellfieldgb@creativecommons.org,Female
589,Cammy,cbaylissgc@springer.com,Male
590,Malissa,mmacmakingd@spotify.com,Female
591,Chicky,civanetsge@nyu.edu,Genderfluid
592,Cos,csauniergf@theatlantic.com,Male
593,Lucais,lilyenkogg@dailymail.co.uk,Male
594,Lorant,ljirangh@reverbnation.com,Agender
595,Rhody,rclausenthuegi@wix.com,Female
596,Chloe,cwillgoosegj@simplemachines.org,Polygender
597,Beth,bolyetgk@sourceforge.net,Female
598,Jeremias,jlauretgl@cbslocal.com,Male
599,Osmund,oproskegm@marriott.com,Male
600,Tim,tchildsgn@japanpost.jp,Male
601,Isac,iwardellgo@cnet.com,Male
602,Polly,pbusseygp@msn.com,Female
603,Charita,cgummorygq@tumblr.com,Agender
604,Belvia,biacovinogr@yandex.ru,Female
605,Lincoln,ltrumangs@bloglines.com,Male
606,Vergil,vcuniamgt@shutterfly.com,Male
607,Reuben,rgonzalesgu@google.de,Male
608,Thornie,tteodorskigv@drupal.org,Male
609,Angus,anewberrygw@nifty.com,Male
610,Sawyer,sfantongx@sitemeter.com,Male
611,Sherwynd,sdangeligy@cnet.com,Male
612,Mallissa,mfretsongz@reuters.com,Female
613,Romola,rmaygerh0@fastcompany.com,Female
614,Dud,dpinksh1@weebly.com,Male
615,Karylin,kmaudetth2@github.io,Female
616,Xenia,xturevilleh3@nationalgeographic.com,Female
617,Eberto,esneathh4@ebay.co.uk,Male
618,Ag,asterteh5@time.com,Female
619,Cary,clittlefairh6@prnewswire.com,Male
620,Giustina,gstannionh7@gnu.org,Female
621,Chaim,cmixterh8@ehow.com,Male
622,Emilio,eklussh9@myspace.com,Male
623,Trstram,tkeedyha@mlb.com,Genderqueer
624,Stinky,sorbellhb@posterous.com,Male
625,Zebedee,zdewetthc@de.vu,Male
626,Mano,mkinningleyhd@tinypic.com,Polygender
627,Melosa,mbrotherheedhe@google.com.au,Bigender
628,Giffie,glaurethf@virginia.edu,Male
629,Moll,mjedrashg@cdc.gov,Female
630,Cathy,cbedenhh@wikispaces.com,Female
631,Linnea,lsimehi@mediafire.com,Female
632,Belia,bmchenryhj@un.org,Female
633,Cornell,cboyethk@umn.edu,Male
634,Nate,nedishl@icio.us,Male
635,Keen,khickissonhm@blinklist.com,Male
636,Maegan,mgreberthn@vk.com,Female
637,Alana,arozecho@europa.eu,Female
638,Hunter,hgritsunovhp@discuz.net,Male
639,Debor,dcounsellhq@soundcloud.com,Female
640,Hanna,hspatarohr@si.edu,Female
641,Edward,edoalehs@google.co.jp,Male
642,Clarine,crugght@artisteer.com,Female
643,Moyra,mbrandelhu@newyorker.com,Female
644,Barbey,bludwellhv@indiatimes.com,Female
645,Gaultiero,gnavarijohw@pagesperso-orange.fr,Male
646,Niccolo,nranaldhx@amazon.de,Male
647,Jerrie,jfilbyhy@themeforest.net,Male
648,Winston,wkingswellhz@free.fr,Male
649,Fredric,fdurningi0@booking.com,Male
650,Oliy,osommerlini1@amazon.co.jp,Bigender
651,Rodi,ryouingsi2@wisc.edu,Female
652,Lindi,lsollisi3@artisteer.com,Female
653,Gilburt,ggilbanei4@army.mil,Male
654,Diannne,dgerretseni5@biblegateway.com,Female
655,Blair,bdunkleei6@soundcloud.com,Bigender
656,Lolita,lcounselli7@yahoo.com,Female
657,Thekla,tgiaomozzoi8@nationalgeographic.com,Female
658,Manon,mwagerfieldi9@cpanel.net,Female
659,Alyssa,aschutteria@moonfruit.com,Female
660,Myron,meudallib@virginia.edu,Male
661,Loralie,llinzeyic@google.co.jp,Agender
662,Meir,mnareid@comcast.net,Male
663,Sabra,sguyonnetie@plala.or.jp,Female
664,Irina,ihexamif@cisco.com,Female
665,Rhetta,rosmundig@freewebs.com,Female
666,Amabelle,acoverlyih@bigcartel.com,Female
667,Conni,churrellii@github.com,Female
668,Claudine,cdegliantoniij@photobucket.com,Female
669,Mar,mmastermanik@sphinn.com,Male
670,Dorelle,dpiscopoil@nymag.com,Non-binary
671,Alie,agaunsonim@list-manage.com,Female
672,Christophe,csanneyin@yandex.ru,Male
673,Timothee,tgimenezio@dyndns.org,Male
674,Shellysheldon,slayingip@uol.com.br,Male
675,Arlin,aletteresseiq@ibm.com,Male
676,Car,crozeair@ucoz.com,Male
677,Georgina,gsandhillis@techcrunch.com,Female
678,Wendall,wguillfordit@gnu.org,Male
679,Alexandrina,abearfootiu@abc.net.au,Female
680,Malissa,mschimaschkeiv@arizona.edu,Female
681,Harrison,hhorsleyiw@phpbb.com,Male
682,Lissy,ldemschkeix@google.ru,Female
683,Vito,vramstediy@nih.gov,Male
684,Pandora,pschiementziz@t-online.de,Female
685,Tybi,tmckayj0@forbes.com,Female
686,Cosette,cheighwayj1@utexas.edu,Female
687,Giordano,gwhealj2@sciencedirect.com,Male
688,Juliette,jmccathiej3@google.it,Female
689,Michaelina,mgidneyj4@ovh.net,Female
690,Aylmar,agremainj5@google.es,Male
691,Syman,slarganj6@etsy.com,Male
692,Vittorio,vstapelsj7@ucla.edu,Male
693,Lalo,lmccoyj8@dailymail.co.uk,Male
694,Carrol,cvoakj9@goodreads.com,Male
695,Lovell,lobroganeja@privacy.gov.au,Male
696,Griz,gpilleyjb@wix.com,Male
697,Giorgio,ghullahjc@reference.com,Male
698,Susan,sbriatjd@abc.net.au,Female
699,Courtney,ccourvertje@wisc.edu,Male
700,Walker,wlassenjf@miitbeian.gov.cn,Male
701,Wilbur,wmolanjg@army.mil,Male
702,Ardeen,aterrilljh@arizona.edu,Female
703,Tammara,tlaugheranji@cpanel.net,Female
704,Paquito,praysjj@chron.com,Male
705,Lonnie,lpomfretjk@over-blog.com,Male
706,Dennis,dtorrentjl@discovery.com,Male
707,Kerrin,kmatousjm@dyndns.org,Female
708,Ronalda,rmasseojn@plala.or.jp,Female
709,Alejandra,abruninijo@stumbleupon.com,Female
710,Cash,cbraccojp@tuttocitta.it,Male
711,Mara,mmcgraffinjq@altervista.org,Female
712,Brynn,bsmaridgejr@amazon.com,Polygender
713,Berke,bjuoriojs@theatlantic.com,Male
714,Olympie,oferrynjt@utexas.edu,Female
715,Aloysia,abentinckju@theguardian.com,Female
716,Nollie,ngiottoijv@typepad.com,Male
717,Chase,cmatzkaitisjw@zdnet.com,Male
718,Eduardo,eburlayjx@xing.com,Polygender
719,Archibaldo,aalevequejy@ifeng.com,Male
720,Mace,mgaskilljz@amazon.co.uk,Male
721,Gipsy,gbilbrookek0@dot.gov,Female
722,Chandra,cczajkak1@unc.edu,Female
723,Meta,mmaestrok2@woothemes.com,Female
724,Perren,pgeallek3@amazon.co.uk,Male
725,Gaynor,gbrameldk4@unicef.org,Female
726,Fay,fblaschkek5@google.nl,Non-binary
727,Abigael,asynnotk6@wikimedia.org,Female
728,Hart,hherrerok7@1und1.de,Male
729,Mikol,mboddamk8@businessweek.com,Male
730,Editha,equarringtonk9@ucoz.com,Female
731,Mattie,mgallatlyka@europa.eu,Male
732,Kimberley,kkegginskb@spotify.com,Female
733,Broderick,bmallonkc@google.fr,Male
734,Dennie,dlampertkd@narod.ru,Polygender
735,Walton,wcunliffeke@abc.net.au,Male
736,Zorine,zbroadleykf@geocities.com,Agender
737,Stormi,srobioukg@eventbrite.com,Female
738,Jany,jfowneskh@deviantart.com,Female
739,Cherilynn,cfearensideki@cnn.com,Female
740,Edyth,eswayslandkj@latimes.com,Female
741,Herschel,haroninkk@soundcloud.com,Male
742,Ulrich,uleefekl@hud.gov,Male
743,Janey,jsymmskm@imageshack.us,Female
744,Packston,planawaykn@java.com,Male
745,Rafaelita,rjanousekko@sohu.com,Female
746,Blondelle,bscrinekp@wordpress.com,Female
747,Cecile,cbrickstockkq@biblegateway.com,Female
748,Shina,sgateshillkr@blog.com,Female
749,Thor,tvennerks@so-net.ne.jp,Male
750,Kay,kwhiffkt@columbia.edu,Female
751,Tony,tscholeku@ebay.co.uk,Male
752,Maxy,mbampkinkv@google.pl,Female
753,Jase,jhanniganekw@storify.com,Male
754,Ferdy,fjanckx@shinystat.com,Male
755,Renato,rmobberleyky@slashdot.org,Male
756,Harriett,hpentinkz@blogtalkradio.com,Female
757,Yorgos,ydimaggiol0@slideshare.net,Male
758,Lorette,lkingabyl1@mapquest.com,Female
759,Torrin,tdomicol2@latimes.com,Male
760,Florie,fflecknelll3@pcworld.com,Female
761,Ilario,iblainel4@reuters.com,Male
762,Sashenka,szuponel5@house.gov,Female
763,Chrissy,cridpathl6@quantcast.com,Female
764,Ilyssa,igauntl7@csmonitor.com,Female
765,Neale,nsanziol8@istockphoto.com,Male
766,Rex,rlafayettel9@nymag.com,Male
767,Aloysia,apenwellla@hud.gov,Female
768,Alexander,abuttwelllb@prweb.com,Male
769,Flor,fmulcasterlc@timesonline.co.uk,Female
770,Tris,tcarrelld@miibeian.gov.cn,Male
771,Carney,cnaeruple@so-net.ne.jp,Male
772,Loria,ltaffelf@fastcompany.com,Female
773,Rochette,rpietronlg@nsw.gov.au,Female
774,Marge,mtustinlh@senate.gov,Female
775,Bernette,bdavittli@home.pl,Female
776,Drucy,dlinfordlj@wunderground.com,Female
777,Avrit,aperrotlk@cam.ac.uk,Genderqueer
778,Ethelred,emyerscoughll@eepurl.com,Male
779,Bette-ann,bmussettinilm@cnn.com,Female
780,Chas,cscapelhornln@nbcnews.com,Male
781,Travers,tcherrisonlo@timesonline.co.uk,Male
782,Bibi,bjaycockslp@mashable.com,Female
783,Ford,fclubblq@pinterest.com,Male
784,Odessa,osalzburglr@google.ru,Genderqueer
785,Masha,mlargenls@skype.com,Female
786,Ferguson,fcapaldolt@statcounter.com,Male
787,Anthe,athunnercliffelu@sciencedaily.com,Female
788,Husein,hcarrellv@about.me,Male
789,Noel,nangriclw@fema.gov,Female
790,Michaela,mcolliberlx@hibu.com,Female
791,Darrelle,dblundinly@parallels.com,Female
792,Iosep,imayceylz@cdbaby.com,Male
793,Gerry,ggiacopazzim0@nyu.edu,Female
794,Clemente,caroninm1@forbes.com,Male
795,Felecia,farkinm2@newsvine.com,Non-binary
796,Gordy,gwhitehornm3@icq.com,Male
797,Dinny,dkerrym4@squidoo.com,Female
798,Adella,aisakovm5@opera.com,Female
799,Bradley,bkalkhovenm6@artisteer.com,Male
800,Nicholas,npersehousem7@globo.com,Male
801,Carlo,csimmm8@princeton.edu,Male
802,Crichton,cdollingm9@wired.com,Male
803,Aymer,ajonma@google.co.jp,Male
804,Wanids,wtorrejonmb@pen.io,Female
805,Gusti,gcolmoremc@barnesandnoble.com,Female
806,Fionna,fmievillemd@elegantthemes.com,Female
807,Veronique,vcrokerme@boston.com,Agender
808,Lind,lmugfordmf@merriam-webster.com,Male
809,Clerissa,cburymg@usda.gov,Female
810,Ignaz,imonkleymh@accuweather.com,Male
811,Vivyanne,vechlinmi@symantec.com,Female
812,Cynthy,cbythewaymj@nba.com,Female
813,Ephraim,eajsikmk@fotki.com,Genderqueer
814,Neil,nholyardml@tinyurl.com,Male
815,Katheryn,kraymenmm@digg.com,Female
816,Robenia,rsyermn@sbwire.com,Female
817,Kain,khennermo@list-manage.com,Male
818,Candi,clavallmp@hibu.com,Female
819,Josephine,jwinkettmq@pcworld.com,Polygender
820,Cassandry,cmolyneuxmr@unicef.org,Female
821,Helsa,hglavisms@slideshare.net,Female
822,Donnie,dkahanmt@merriam-webster.com,Female
823,Arv,afowleymu@who.int,Male
824,Rory,rhubbardmv@wisc.edu,Female
825,Leese,ltyresmw@ted.com,Female
826,Nessa,nkrollmannmx@nih.gov,Female
827,Andy,awillasmy@a8.net,Female
828,Frederique,fspiterimz@prweb.com,Female
829,Lorenza,lwoodfinen0@jalbum.net,Female
830,Keslie,kroyalln1@tinypic.com,Female
831,Gregory,gmulqueenyn2@businessweek.com,Male
832,Alfy,agerantn3@blogger.com,Polygender
833,Salaidh,sfilipputtin4@google.com.au,Female
834,Aristotle,aedworthyn5@naver.com,Male
835,Jocko,jarkwrightn6@jigsy.com,Male
836,Leshia,lavramovn7@furl.net,Non-binary
837,Kennan,kbrucksteinn8@blogtalkradio.com,Male
838,Dela,dotteyn9@weibo.com,Polygender
839,Levey,lgiottona@walmart.com,Male
840,Murvyn,mbabbnb@google.it,Male
841,Hussein,hthorleync@t-online.de,Male
842,Gris,gstrassend@rambler.ru,Male
843,Caprice,cdaubyne@macromedia.com,Female
844,Sigmund,sshemeltnf@mit.edu,Male
845,Vergil,vridgewellng@admin.ch,Male
846,George,gwestmancoatnh@admin.ch,Male
847,Jonathan,jpinchbackni@mapy.cz,Polygender
848,Tulley,totteenj@github.com,Male
849,Margi,mwybrewnk@seattletimes.com,Female
850,Franny,fdreghornnl@163.com,Male
851,Grannie,gkollaschnm@yahoo.co.jp,Polygender
852,Maighdiln,mdufournn@joomla.org,Polygender
853,Gino,ghargravesno@google.co.jp,Male
854,Panchito,porsaynp@toplist.cz,Male
855,Ellynn,etwelvetreesnq@stumbleupon.com,Female
856,Sax,ssouchnr@so-net.ne.jp,Male
857,Sonny,skilfedderns@ucsd.edu,Female
858,Gayler,gnannizzint@naver.com,Male
859,Daphene,djurriesnu@lycos.com,Female
860,Trent,tscholarnv@sciencedirect.com,Male
861,Iorgos,ivandenveldennw@weebly.com,Male
862,Ryley,rmaliphantnx@msn.com,Agender
863,Keri,kbegbieny@sina.com.cn,Female
864,Anallise,afaulconernz@odnoklassniki.ru,Female
865,Edgardo,emerringo0@meetup.com,Male
866,Lucita,lcrinsono1@livejournal.com,Female
867,Jayme,jarmano2@canalblog.com,Male
868,Marcy,mcramero3@flavors.me,Female
869,Minta,mcoslitto4@wunderground.com,Female
870,Ange,askipo5@wired.com,Male
871,Madelyn,mtissingtono6@issuu.com,Polygender
872,Akim,apittsono7@skyrock.com,Male
873,Jacenta,jscadingo8@wikispaces.com,Female
874,Gerda,gcorbetto9@ft.com,Female
875,Joelle,jghidellioa@google.co.jp,Female
876,Stanislaus,spreonob@hubpages.com,Male
877,Arleen,apoeoc@sogou.com,Female
878,Willey,wseymourod@columbia.edu,Male
879,Petronella,pscrewtonoe@lulu.com,Female
880,Bailey,bbrundellof@g.co,Male
881,Sophia,sanstieog@yellowbook.com,Female
882,Seumas,sliddyardoh@umn.edu,Male
883,Malachi,mlavielleoi@com.com,Male
884,Zara,zlanneyoj@imdb.com,Female
885,Mile,mflecknoeok@google.it,Male
886,Bernadette,btolleol@sina.com.cn,Female
887,Kristien,kvaarom@odnoklassniki.ru,Female
888,Hillier,hbebbingtonon@last.fm,Male
889,Ryon,rmarskelloo@webnode.com,Male
890,Estevan,emcbrideop@fema.gov,Male
891,Wes,wmclartyoq@vimeo.com,Polygender
892,Linell,lallflattor@digg.com,Female
893,Kingsly,kbecksos@samsung.com,Male
894,Legra,lmadreot@berkeley.edu,Female
895,Kerianne,kmacnabou@umich.edu,Female
896,Garrik,gclarkeov@bing.com,Genderqueer
897,Tobin,tjarvisow@over-blog.com,Male
898,Ephraim,escottox@etsy.com,Non-binary
899,Graham,gsulmanoy@wisc.edu,Male
900,Leonanie,lcasseyoz@jugem.jp,Female
901,Ring,rculletonp0@posterous.com,Male
902,Renelle,rmanjotp1@barnesandnoble.com,Female
903,Ives,itettp2@princeton.edu,Male
904,Emilia,efrantzp3@facebook.com,Female
905,Candie,cgindghillp4@issuu.com,Genderfluid
906,Sean,screiganp5@nyu.edu,Female
907,Sherwin,sranahanp6@businesswire.com,Male
908,Rowland,rbiskupskip7@sourceforge.net,Male
909,Deanna,dcouttesp8@adobe.com,Female
910,Naoma,nmacnalleyp9@printfriendly.com,Bigender
911,Antonella,aeilertpa@cpanel.net,Female
912,Laverna,lmarianpb@dedecms.com,Female
913,Allayne,abraunepc@wufoo.com,Male
914,Jody,jjennerpd@google.cn,Male
915,Isidro,isisselotpe@reference.com,Male
916,Shep,snizetpf@cyberchimps.com,Male
917,Tedda,twalczakpg@pen.io,Female
918,Monti,mmccourtph@pbs.org,Male
919,Marsiella,mdarraghpi@netlog.com,Female
920,Paloma,ptomekpj@blogs.com,Female
921,Xenos,xcockittpk@blog.com,Male
922,Jodie,jcesconipl@fastcompany.com,Male
923,Curcio,cvigerspm@mtv.com,Male
924,Gael,gdearlepalserpn@istockphoto.com,Female
925,Tamarah,tmehewpo@w3.org,Female
926,Theodora,thawkinspp@yandex.ru,Female
927,Dunstan,dchippspq@mac.com,Male
928,Ruthy,rblackwoodpr@people.com.cn,Female
929,Ferrell,fgibbeps@bloomberg.com,Male
930,Ewen,eandrickpt@vkontakte.ru,Male
931,Fonzie,fbrewispu@nsw.gov.au,Male
932,Wakefield,wworthingpv@digg.com,Male
933,Rodd,rdobblepw@goodreads.com,Male
934,Darnell,dmargettspx@ftc.gov,Male
935,Hetti,hklimentyonokpy@google.it,Female
936,Leone,lrichlypz@bbb.org,Female
937,Farah,fwolveyq0@arstechnica.com,Female
938,Tommie,tgurkoq1@quantcast.com,Female
939,Tommie,tshemminq2@t.co,Male
940,Fredia,fstollmeierq3@discuz.net,Female
941,Averil,abulfieldq4@so-net.ne.jp,Male
942,Kendre,kmacpadeneq5@patch.com,Female
943,Valerye,vrandallq6@ft.com,Female
944,Daveen,dbruggerq7@blogger.com,Female
945,Sonni,srobinetteq8@e-recht24.de,Female
946,Donnamarie,dburnyeatq9@bizjournals.com,Female
947,Jeff,jraceqa@apache.org,Male
948,Calla,ccohrqb@washington.edu,Female
949,Amby,amackilpatrickqc@go.com,Male
950,Jemie,jpfeufferqd@deliciousdays.com,Female
951,Barnebas,bshuxsmithqe@marketwatch.com,Male
952,Missy,myukhniniqf@stumbleupon.com,Female
953,Morissa,mmedewayqg@t.co,Female
954,Sargent,seshelbyqh@mediafire.com,Male
955,Austine,amatthewmanqi@springer.com,Agender
956,Celle,cackrillqj@mysql.com,Female
957,Chen,ccoggenqk@plala.or.jp,Male
958,Ebony,eizkoviczql@cam.ac.uk,Female
959,Fredia,fpigneqm@parallels.com,Female
960,Darill,dmattsqn@google.com.au,Male
961,Jeffrey,jgreatheadqo@flavors.me,Male
962,Vanessa,vblaikqp@dagondesign.com,Female
963,Audie,asellekqq@about.me,Female
964,Renate,rleechqr@desdev.cn,Female
965,Sybille,sfrareyqs@photobucket.com,Genderqueer
966,Rodrique,rronchiqt@goo.ne.jp,Male
967,Casper,cdungatequ@prlog.org,Male
968,Cookie,cbudcockqv@redcross.org,Female
969,Hadley,hcamplinqw@soundcloud.com,Male
970,Tracy,tkollaschekqx@washingtonpost.com,Female
971,Rancell,rcharopenqy@marriott.com,Male
972,Hershel,hhearonsqz@seattletimes.com,Male
973,Rosie,rzwickerr0@unblog.fr,Female
974,Joby,jedneyr1@1und1.de,Female
975,Imogen,iboalerr2@europa.eu,Female
976,Jasen,jsimionir3@furl.net,Male
977,Isaac,iseacomber4@utexas.edu,Male
978,Alvy,ailyasr5@skype.com,Male
979,Benedetta,bguiler6@simplemachines.org,Female
980,Curry,cwestr7@yale.edu,Male
981,Caty,cklusr8@histats.com,Female
982,Elsworth,edarcyr9@blogs.com,Male
983,Dominique,dblankingra@posterous.com,Male
984,Eddi,escarrerb@theguardian.com,Female
985,Kurtis,kfiggerrc@elpais.com,Male
986,Morten,mfairbeardrd@ucoz.ru,Male
987,Jeri,jhrishanokre@tripod.com,Female
988,Durante,dhalfacrerf@networksolutions.com,Male
989,Merry,mrohfsenrg@nsw.gov.au,Polygender
990,Garrott,gbebbellrh@omniture.com,Male
991,Ailee,areijmersri@ft.com,Female
992,Edmund,ebeveridgerj@technorati.com,Bigender
993,Lev,lhucksterrk@mtv.com,Male
994,Bonni,bcoulerl@cisco.com,Female
995,Melisandra,mesterbrookrm@webeden.co.uk,Non-binary
996,Abbie,arennixrn@t.co,Female
997,Ivonne,imacvainro@flickr.com,Female
998,Maribel,mmetzelrp@java.com,Female
999,Thatcher,tsummerillrq@sun.com,Male
1000,Bald,bmethamrr@fema.gov,Male
